<?xml version="1.0" standalone="no"?>
<!DOCTYPE document-info SYSTEM "document-info.dtd">
<document-info>
  <about>
    <title>John Doe</title>
    <date>2013-04-06T17:12:10</date>
    <creation-date>2013-02-03T22:01:18</creation-date>
    <url>downloaded from</url>
    <license>public domain</license>
    <language>en-US</language>
   </about>
  <author>
    <family-name>John Doe</family-name>
    <given-name>John Doe</given-name>
  </author>
 <personal>
   <family-name>San</family-name>
   <given-name>Pitroda</given-name>
   <birth-date>1992-02-17T10:01:18</birth-date>
   <sex>male</sex>
 </personal>
 <body-measurements>
    <unit>cm</unit>
    <height>170</height>
    <head>
      <head_girth>10</head_girth>
      <head_and_neck_length>10</head_and_neck_length>
    </head>
    <neck>
      <mid_neck_girth>10</mid_neck_girth>
      <neck_base_girth>10</neck_base_girth>
    </neck>
    <torso>
      <shoulder_girth>10</shoulder_girth>
      <upper_chest_girth>10</upper_chest_girth>
      <bust_girth>10</bust_girth>
      <under_bust_girth>10</under_bust_girth>
      <waist_girth>10</waist_girth>
      <waist_to_hip_height>10</waist_to_hip_height>
      <waist_to_knee_height>10</waist_to_knee_height>
      <waist_height>10</waist_height>
      <side_waist_length>10</side_waist_length>
      <center_front_waist_length>10</center_front_waist_length>
      <center_back_waist_length>10</center_back_waist_length>
      <shoulder_length>10</shoulder_length>
      <shoulder_and_arm_length>10</shoulder_and_arm_length>
      <upper_front_chest_width>10</upper_front_chest_width>
      <front_chest_width>10</front_chest_width>
      <across_front_shoulder_width>10</across_front_shoulder_width>
      <across_back_shoulder_width>10</across_back_shoulder_width>
      <upper_back_width>10</upper_back_width>
      <back_width>10</back_width>
      <shoulder_width>10</shoulder_width>
      <bustpoint_to_bustpoint>10</bustpoint_to_bustpoint>
      <halter_bustpoint_to_bustpoint>10</halter_bustpoint_to_bustpoint>
      <neck_to_bustpoint>10</neck_to_bustpoint>
      <shoulder_drop>10</shoulder_drop>
      <shoulder_slope_degree>10</shoulder_slope_degree>
    </torso>
    <arm>
      <trunk_girth>10</trunk_girth>
      <armscye_girth>10</armscye_girth>
      <elbow_girth>10</elbow_girth>
      <upper_arm_girth>10</upper_arm_girth>
      <wrist_girth>10</wrist_girth>
      <underarm_length>10</underarm_length>
      <cervical_to_wrist_length>10</cervical_to_wrist_length>
      <shoulder_to_elbow_length>10</shoulder_to_elbow_length>
      <arm_length>10</arm_length>
      <scye_depth>10</scye_depth>
    </arm>
    <hand>
      <hand_girth>10</hand_girth>
      <hand_length>10</hand_length>
      <hand_width>10</hand_width>
      <thumb_length>10</thumb_length>
      <index_finger_length>10</index_finger_length>
      <middle_finger_length>10</middle_finger_length>
      <ring_finger_length>10</ring_finger_length>
      <little_finger_length>10</little_finger_length>
      <thumb_width>10</thumb_width>
      <index_finger_width>10</index_finger_width>
      <middle_finger_width>10</middle_finger_width>
      <ring_finger_width>10</ring_finger_width>
      <little_finger_width>10</little_finger_width>
      <thumb_girth>10</thumb_girth>
      <index_finger_girth>10</index_finger_girth>
      <middle_finger_girth>10</middle_finger_girth>
      <ring_finger_girth>10</ring_finger_girth>
      <little_finger_girth>10</little_finger_girth>
    </hand>
    <hip>
      <high_hip_girth>10</high_hip_girth>
      <hip_girth>10</hip_girth>
      <high_hip_height>10</high_hip_height>
      <hip_height>10</hip_height>
      <crotch_length>10</crotch_length>
      <crotch_height>10</crotch_height>
      <rise_height>10</rise_height>
    </hip>
    <leg>
      <thigh_girth>10</thigh_girth>
      <mid_thigh_girth>10</mid_thigh_girth>
      <knee_girth>10</knee_girth>
      <calf_girth>10</calf_girth>
      <ankle_girth>10</ankle_girth>
      <cervical_to_knee_height>10</cervical_to_knee_height>
      <cervical_height>10</cervical_height>
      <knee_height>10</knee_height>
      <ankle_height>10</ankle_height>
    </leg>
    <foot>
      <foot_length>10</foot_length>
      <foot_width>10</foot_width>
      <foot_across_top>10</foot_across_top>
    </foot>
    <images>
      <body_front href="pictures/bodyfront.png"/>
      <body_side href="pictures/bodyside.png"/>
      <body_back href="pictures/bodyback.png"/>
    </images>
  </body-measurements>
  <body-colors>
    <eye-color>green</eye-color>
    <hair-color>brown</hair-color>
    <skin-complexion>fair</skin-complexion>
 </body-colors>
 <bio-data>
    <blood-type>A</blood-type>
    <allergy>A</allergy>
    <eye_performance>0.8</eye_performance>
 </bio-data>
</document-info>